INSERT INTO StaffRole
    (StaffType)
VALUES('Admin'),
    ('Clinician');

INSERT INTO Staff
    (Email,FirstName,Surname,[Password],Salt,RoleID)
VALUES('staff@staff.com', 'Staff', 'One', HASHBYTES('SHA2_512', CONCAT('password', 'salt', 'this15myp3pper')), 'salt', 1),
    ('staff2@staff.com', 'Staff', 'Two', HASHBYTES('SHA2_512', CONCAT('password', 'salt', 'this15myp3pper')), 'salt', 2);

INSERT INTO Patient
    (URNumber,Email,Title,SurName,FirstName,Gender,DOB,[Address],Suburb,PostCode,MobileNumber,HomeNumber,CountryOfBirth,PreferredLanguage,[Password],Salt,LivesAlone,RegisteredBy,Active)
VALUES('123456789', 'patient@patient.com', 'Mrs', 'Doe', 'Jane', 'Female', GETDATE(), '123 Evergreen Terrace', 'Springfield', '1234', '0123456789', '0123456789', 'Australia', 'English', HASHBYTES('SHA2_512', CONCAT('password', 'salt', 'this15myp3pper')), 'salt', 0, 1, 1),
    ('987654321', 'patient2@patient.com', 'Mr', 'Doe', 'John', 'Male', GETDATE(), '123 Evergreen Terrace', 'Springfield', '1234', '0123456789', '0123456789', 'Australia', 'English', HASHBYTES('SHA2_512', CONCAT('password', 'salt', 'this15myp3pper')), 'salt', 0, 1, 1);

INSERT INTO Measurement
    (MeasurementName, Frequency)
VALUES('ECOG Status', 28),
    ('Breathlessness', 1),
    ('Level of Pain', 1),
    ('Fluid Drain', 1),
    ('Quality of Life', 7);

INSERT INTO DataPoint
    (MeasurementID,DataPointNumber,UpperLimit,LowerLimit,[Name])
VALUES(1, 1, 4, 0, 'ECOG Status'),
    (2, 1, 5, 1, 'Breathlessness'),
    (3, 1, 5, 1, 'Level of Pain'),
    (4, 1, 600, 0, 'Fluid Drain'),
    (5, 1, 5, 1, 'Mobility'),
    (5, 2, 5, 1, 'Self-Care'),
    (5, 3, 5, 1, 'Usual-Activies'),
    (5, 4, 5, 1, 'Pain/Discomfort'),
    (5, 5, 5, 1, 'Anxiety/Depression'),
    (5, 6, 100, 0, 'QoL Vas Health Slider');

INSERT INTO ResourceType
    (TypeName)
VALUES('phone'),
    ('pdf'),
    ('link'),
    ('dialog');

INSERT INTO [Resource]
    (Title,Prompt,Content,TypeID)
VALUES('Pleural Nurse Clinical Consultant', '0428-167-972', '', 1),
    ('How to drain your Indwelling Pleural Catheter', 'Click Here', '', 4),
    ('Northern Health Respiratory Medicine', 'Click Here', 'https://www.nh.org.au/service/respiratory-medicine/', 3),
    ('Indwelling Pleural Catheter Information Sheet', 'Click Here', 'IPC.pdf', 2),
    ('Northern Health Telehealth', 'Click Here', 'https://www.nh.org.au/telehealth/', 3);

INSERT INTO ResourceDialog
    (Heading,Content,Video,ResourceID)
VALUES('How to drain your Indwelling Pleural Catheter', 'Please enter the amount of fluid you have drained today in millilitres. Enter the value in the box. <p>Below is a video which details how to perform a fluid drainage of an Indwelling Pleural Catheter.</p>', 'https://player.vimeo.com/video/270685188', 2);

INSERT INTO RecordCategory
    (Category)
VALUES('Immunisation');

INSERT INTO RecordType
    (RecordType,RecordCategoryID)
VALUES('MMR', 1);

INSERT INTO PatientRecord
    (DateTimeRecorded,Notes,URNumber,RecordTypeID)
VALUES(GETDATE(), 'No Notes', '123456789', 1);

INSERT INTO Treating
    (StartDate,EndDate,URNumber,StaffID)
VALUES(GETDATE(), GETDATE(), '123456789', 1);

INSERT INTO TemplateCategory
    (CategoryName)
VALUES('Indwelling Pleural Catheter'),
    ('Asthma'),
    ('COPD');

INSERT INTO PatientCategory
    (CategoryID,URNumber)
VALUES(1, '123456789'),
    (1, '987654321'),
    (2, '987654321'),
    (3, '987654321');

INSERT INTO ConditionDetails 
(CategoryID, URNumber, Diagnosis, ProcedureDate, NextAppointment)
VALUES(1, '123456789', 'There has been a build-up of fluid around your lungs. Therefore, it is important for us to know and monitor how you are feeling by using this app  to allow us to best optimise your care. The app will be used in hospital and in clinic during follow-up.', GETDATE(), GETDATE()), 
(1, '987654321', 'There has been a build-up of fluid around your lungs. Therefore, it is important for us to know and monitor how you are feeling by using this app  to allow us to best optimise your care. The app will be used in hospital and in clinic during follow-up.', GETDATE(), GETDATE())

INSERT INTO PatientResource
    (CategoryID,URNumber,ResourceID)
VALUES(1, '123456789', 1),
    (1, '123456789', 2),
    (1, '123456789', 3),
    (1, '123456789', 4),
    (1, '123456789', 5),
    (1, '987654321', 1),
    (1, '987654321', 2),
    (1, '987654321', 3),
    (1, '987654321', 4),
    (1, '987654321', 5);

INSERT INTO TemplateResource
    (CategoryID,ResourceID)
VALUES(1, 1),
    (1, 2),
    (1, 3),
    (1, 4),
    (1, 5);

INSERT INTO TemplateMeasurement
    (MeasurementID,CategoryID)
VALUES(1, 1),
    (2, 1),
    (3, 1),
    (4, 1),
    (5, 1);

INSERT INTO PatientMeasurement
    (MeasurementID,CategoryID,URNumber,Frequency,FrequencySetDate)
VALUES (1, 1, '123456789', 28, '2020-10-01'),
    (2, 1, '123456789', 1, '2020-10-01'),
    (3, 1, '123456789', 1, '2020-10-01'),
    (4, 1, '123456789', 1, '2020-10-01'),
    (5, 1, '123456789', 7, '2020-10-01'),
    (1, 1, '987654321', 28, '2020-10-01'),
    (2, 1, '987654321', 1, '2020-10-01'),
    (3, 1, '987654321', 1, '2020-10-01'),
    (4, 1, '987654321', 1, '2020-10-01'),
    (5, 1, '987654321', 7, '2020-10-01');

INSERT INTO MeasurementRecord
    (DateTimeRecorded, MeasurementID, CategoryID, URNumber)
VALUES
    ('2020-10-01', 1, 1, '123456789'),
    ('2020-10-29', 1, 1, '123456789'),
    ('2020-10-01', 2, 1, '123456789'),
    ('2020-10-02', 2, 1, '123456789'),
    ('2020-10-03', 2, 1, '123456789'),
    ('2020-10-04', 2, 1, '123456789'),
    ('2020-10-05', 2, 1, '123456789'),
    ('2020-10-06', 2, 1, '123456789'),
    ('2020-10-07', 2, 1, '123456789'),
    ('2020-10-08', 2, 1, '123456789'),
    ('2020-10-09', 2, 1, '123456789'),
    ('2020-10-10', 2, 1, '123456789'),
    ('2020-10-11', 2, 1, '123456789'),
    ('2020-10-12', 2, 1, '123456789'),
    ('2020-10-13', 2, 1, '123456789'),
    ('2020-10-14', 2, 1, '123456789'),
    ('2020-10-15', 2, 1, '123456789'),
    ('2020-10-16', 2, 1, '123456789'),
    ('2020-10-17', 2, 1, '123456789'),
    ('2020-10-18', 2, 1, '123456789'),
    ('2020-10-19', 2, 1, '123456789'),
    ('2020-10-20', 2, 1, '123456789'),
    ('2020-10-21', 2, 1, '123456789'),
    ('2020-10-22', 2, 1, '123456789'),
    ('2020-10-23', 2, 1, '123456789'),
    ('2020-10-24', 2, 1, '123456789'),
    ('2020-10-25', 2, 1, '123456789'),
    ('2020-10-26', 2, 1, '123456789'),
    ('2020-10-27', 2, 1, '123456789'),
    ('2020-10-28', 2, 1, '123456789'),
    ('2020-10-29', 2, 1, '123456789'),
    ('2020-10-30', 2, 1, '123456789'),
    ('2020-10-31', 2, 1, '123456789'),
    ('2020-11-01', 2, 1, '123456789'),
    ('2020-11-02', 2, 1, '123456789'),
    ('2020-11-03', 2, 1, '123456789'),
    ('2020-11-04', 2, 1, '123456789'),
    ('2020-11-05', 2, 1, '123456789'),
    ('2020-11-06', 2, 1, '123456789'),
    ('2020-11-07', 2, 1, '123456789'),
    ('2020-11-08', 2, 1, '123456789'),
    ('2020-11-09', 2, 1, '123456789'),
    ('2020-11-10', 2, 1, '123456789'),
    ('2020-11-11', 2, 1, '123456789'),
    ('2020-11-12', 2, 1, '123456789'),
    ('2020-11-13', 2, 1, '123456789'),
    ('2020-11-14', 2, 1, '123456789'),
    ('2020-11-15', 2, 1, '123456789'),
    ('2020-11-16', 2, 1, '123456789'),
    ('2020-11-17', 2, 1, '123456789'),
    ('2020-11-18', 2, 1, '123456789'),
    ('2020-11-19', 2, 1, '123456789'),
    ('2020-11-20', 2, 1, '123456789'),
    ('2020-11-21', 2, 1, '123456789'),
    ('2020-10-01', 3, 1, '123456789'),
    ('2020-10-02', 3, 1, '123456789'),
    ('2020-10-03', 3, 1, '123456789'),
    ('2020-10-04', 3, 1, '123456789'),
    ('2020-10-05', 3, 1, '123456789'),
    ('2020-10-06', 3, 1, '123456789'),
    ('2020-10-07', 3, 1, '123456789'),
    ('2020-10-08', 3, 1, '123456789'),
    ('2020-10-09', 3, 1, '123456789'),
    ('2020-10-10', 3, 1, '123456789'),
    ('2020-10-11', 3, 1, '123456789'),
    ('2020-10-12', 3, 1, '123456789'),
    ('2020-10-13', 3, 1, '123456789'),
    ('2020-10-14', 3, 1, '123456789'),
    ('2020-10-15', 3, 1, '123456789'),
    ('2020-10-16', 3, 1, '123456789'),
    ('2020-10-17', 3, 1, '123456789'),
    ('2020-10-18', 3, 1, '123456789'),
    ('2020-10-19', 3, 1, '123456789'),
    ('2020-10-20', 3, 1, '123456789'),
    ('2020-10-21', 3, 1, '123456789'),
    ('2020-10-22', 3, 1, '123456789'),
    ('2020-10-23', 3, 1, '123456789'),
    ('2020-10-24', 3, 1, '123456789'),
    ('2020-10-25', 3, 1, '123456789'),
    ('2020-10-26', 3, 1, '123456789'),
    ('2020-10-27', 3, 1, '123456789'),
    ('2020-10-28', 3, 1, '123456789'),
    ('2020-10-29', 3, 1, '123456789'),
    ('2020-10-30', 3, 1, '123456789'),
    ('2020-10-31', 3, 1, '123456789'),
    ('2020-11-01', 3, 1, '123456789'),
    ('2020-11-02', 3, 1, '123456789'),
    ('2020-11-03', 3, 1, '123456789'),
    ('2020-11-04', 3, 1, '123456789'),
    ('2020-11-05', 3, 1, '123456789'),
    ('2020-11-06', 3, 1, '123456789'),
    ('2020-11-07', 3, 1, '123456789'),
    ('2020-11-08', 3, 1, '123456789'),
    ('2020-11-09', 3, 1, '123456789'),
    ('2020-11-10', 3, 1, '123456789'),
    ('2020-11-11', 3, 1, '123456789'),
    ('2020-11-12', 3, 1, '123456789'),
    ('2020-11-13', 3, 1, '123456789'),
    ('2020-11-14', 3, 1, '123456789'),
    ('2020-11-15', 3, 1, '123456789'),
    ('2020-11-16', 3, 1, '123456789'),
    ('2020-11-17', 3, 1, '123456789'),
    ('2020-11-18', 3, 1, '123456789'),
    ('2020-11-19', 3, 1, '123456789'),
    ('2020-11-20', 3, 1, '123456789'),
    ('2020-11-21', 3, 1, '123456789'),
    ('2020-10-01', 4, 1, '123456789'),
    ('2020-10-02', 4, 1, '123456789'),
    ('2020-10-03', 4, 1, '123456789'),
    ('2020-10-04', 4, 1, '123456789'),
    ('2020-10-05', 4, 1, '123456789'),
    ('2020-10-06', 4, 1, '123456789'),
    ('2020-10-07', 4, 1, '123456789'),
    ('2020-10-08', 4, 1, '123456789'),
    ('2020-10-09', 4, 1, '123456789'),
    ('2020-10-10', 4, 1, '123456789'),
    ('2020-10-11', 4, 1, '123456789'),
    ('2020-10-12', 4, 1, '123456789'),
    ('2020-10-13', 4, 1, '123456789'),
    ('2020-10-14', 4, 1, '123456789'),
    ('2020-10-15', 4, 1, '123456789'),
    ('2020-10-16', 4, 1, '123456789'),
    ('2020-10-17', 4, 1, '123456789'),
    ('2020-10-18', 4, 1, '123456789'),
    ('2020-10-19', 4, 1, '123456789'),
    ('2020-10-20', 4, 1, '123456789'),
    ('2020-10-21', 4, 1, '123456789'),
    ('2020-10-22', 4, 1, '123456789'),
    ('2020-10-23', 4, 1, '123456789'),
    ('2020-10-24', 4, 1, '123456789'),
    ('2020-10-25', 4, 1, '123456789'),
    ('2020-10-26', 4, 1, '123456789'),
    ('2020-10-27', 4, 1, '123456789'),
    ('2020-10-28', 4, 1, '123456789'),
    ('2020-10-29', 4, 1, '123456789'),
    ('2020-10-30', 4, 1, '123456789'),
    ('2020-10-31', 4, 1, '123456789'),
    ('2020-11-01', 4, 1, '123456789'),
    ('2020-11-02', 4, 1, '123456789'),
    ('2020-11-03', 4, 1, '123456789'),
    ('2020-11-04', 4, 1, '123456789'),
    ('2020-11-05', 4, 1, '123456789'),
    ('2020-11-06', 4, 1, '123456789'),
    ('2020-11-07', 4, 1, '123456789'),
    ('2020-11-08', 4, 1, '123456789'),
    ('2020-11-09', 4, 1, '123456789'),
    ('2020-11-10', 4, 1, '123456789'),
    ('2020-11-11', 4, 1, '123456789'),
    ('2020-11-12', 4, 1, '123456789'),
    ('2020-11-13', 4, 1, '123456789'),
    ('2020-11-14', 4, 1, '123456789'),
    ('2020-11-15', 4, 1, '123456789'),
    ('2020-11-16', 4, 1, '123456789'),
    ('2020-11-17', 4, 1, '123456789'),
    ('2020-11-18', 4, 1, '123456789'),
    ('2020-11-19', 4, 1, '123456789'),
    ('2020-11-20', 4, 1, '123456789'),
    ('2020-11-21', 4, 1, '123456789'),
    ('2020-10-01', 5, 1, '123456789'),
    ('2020-10-08', 5, 1, '123456789'),
    ('2020-10-15', 5, 1, '123456789'),
    ('2020-10-22', 5, 1, '123456789'),
    ('2020-10-29', 5, 1, '123456789'),
    ('2020-11-05', 5, 1, '123456789'),
    ('2020-11-12', 5, 1, '123456789'),
    ('2020-11-19', 5, 1, '123456789')
;

INSERT INTO DataPointRecord
    (MeasurementID, DataPointNumber, [Value], MeasurementRecordId)
VALUES
    (1, 1, 2.0, 1),
    (1, 1, 0.0, 2),
    (2, 1, 4.0, 3),
    (2, 1, 3.0, 4),
    (2, 1, 2.0, 5),
    (2, 1, 5.0, 6),
    (2, 1, 1.0, 7),
    (2, 1, 1.0, 8),
    (2, 1, 4.0, 9),
    (2, 1, 3.0, 10),
    (2, 1, 5.0, 11),
    (2, 1, 3.0, 12),
    (2, 1, 1.0, 13),
    (2, 1, 2.0, 14),
    (2, 1, 2.0, 15),
    (2, 1, 2.0, 16),
    (2, 1, 3.0, 17),
    (2, 1, 5.0, 18),
    (2, 1, 3.0, 19),
    (2, 1, 1.0, 20),
    (2, 1, 1.0, 21),
    (2, 1, 2.0, 22),
    (2, 1, 3.0, 23),
    (2, 1, 2.0, 24),
    (2, 1, 2.0, 25),
    (2, 1, 4.0, 26),
    (2, 1, 5.0, 27),
    (2, 1, 3.0, 28),
    (2, 1, 2.0, 29),
    (2, 1, 1.0, 30),
    (2, 1, 4.0, 31),
    (2, 1, 2.0, 32),
    (2, 1, 3.0, 33),
    (2, 1, 2.0, 34),
    (2, 1, 1.0, 35),
    (2, 1, 4.0, 36),
    (2, 1, 3.0, 37),
    (2, 1, 5.0, 38),
    (2, 1, 1.0, 39),
    (2, 1, 5.0, 40),
    (2, 1, 1.0, 41),
    (2, 1, 1.0, 42),
    (2, 1, 1.0, 43),
    (2, 1, 3.0, 44),
    (2, 1, 4.0, 45),
    (2, 1, 1.0, 46),
    (2, 1, 4.0, 47),
    (2, 1, 2.0, 48),
    (2, 1, 5.0, 49),
    (2, 1, 4.0, 50),
    (2, 1, 2.0, 51),
    (2, 1, 2.0, 52),
    (2, 1, 4.0, 53),
    (2, 1, 3.0, 54),
    (3, 1, 4.0, 55),
    (3, 1, 1.0, 56),
    (3, 1, 4.0, 57),
    (3, 1, 2.0, 58),
    (3, 1, 3.0, 59),
    (3, 1, 3.0, 60),
    (3, 1, 5.0, 61),
    (3, 1, 3.0, 62),
    (3, 1, 3.0, 63),
    (3, 1, 4.0, 64),
    (3, 1, 2.0, 65),
    (3, 1, 2.0, 66),
    (3, 1, 4.0, 67),
    (3, 1, 1.0, 68),
    (3, 1, 5.0, 69),
    (3, 1, 4.0, 70),
    (3, 1, 3.0, 71),
    (3, 1, 3.0, 72),
    (3, 1, 1.0, 73),
    (3, 1, 2.0, 74),
    (3, 1, 5.0, 75),
    (3, 1, 4.0, 76),
    (3, 1, 5.0, 77),
    (3, 1, 4.0, 78),
    (3, 1, 4.0, 79),
    (3, 1, 3.0, 80),
    (3, 1, 5.0, 81),
    (3, 1, 3.0, 82),
    (3, 1, 1.0, 83),
    (3, 1, 5.0, 84),
    (3, 1, 4.0, 85),
    (3, 1, 4.0, 86),
    (3, 1, 5.0, 87),
    (3, 1, 3.0, 88),
    (3, 1, 5.0, 89),
    (3, 1, 4.0, 90),
    (3, 1, 4.0, 91),
    (3, 1, 3.0, 92),
    (3, 1, 1.0, 93),
    (3, 1, 3.0, 94),
    (3, 1, 5.0, 95),
    (3, 1, 2.0, 96),
    (3, 1, 1.0, 97),
    (3, 1, 4.0, 98),
    (3, 1, 1.0, 99),
    (3, 1, 1.0, 100),
    (3, 1, 4.0, 101),
    (3, 1, 4.0, 102),
    (3, 1, 2.0, 103),
    (3, 1, 1.0, 104),
    (3, 1, 5.0, 105),
    (3, 1, 5.0, 106),
    (4, 1, 254.0, 107),
    (4, 1, 439.0, 108),
    (4, 1, 414.0, 109),
    (4, 1, 339.0, 110),
    (4, 1, 500.0, 111),
    (4, 1, 289.0, 112),
    (4, 1, 171.0, 113),
    (4, 1, 342.0, 114),
    (4, 1, 586.0, 115),
    (4, 1, 581.0, 116),
    (4, 1, 324.0, 117),
    (4, 1, 266.0, 118),
    (4, 1, 411.0, 119),
    (4, 1, 262.0, 120),
    (4, 1, 226.0, 121),
    (4, 1, 292.0, 122),
    (4, 1, 508.0, 123),
    (4, 1, 55.0, 124),
    (4, 1, 218.0, 125),
    (4, 1, 381.0, 126),
    (4, 1, 470.0, 127),
    (4, 1, 474.0, 128),
    (4, 1, 123.0, 129),
    (4, 1, 422.0, 130),
    (4, 1, 335.0, 131),
    (4, 1, 574.0, 132),
    (4, 1, 304.0, 133),
    (4, 1, 154.0, 134),
    (4, 1, 413.0, 135),
    (4, 1, 180.0, 136),
    (4, 1, 233.0, 137),
    (4, 1, 32.0, 138),
    (4, 1, 397.0, 139),
    (4, 1, 109.0, 140),
    (4, 1, 408.0, 141),
    (4, 1, 297.0, 142),
    (4, 1, 562.0, 143),
    (4, 1, 524.0, 144),
    (4, 1, 571.0, 145),
    (4, 1, 273.0, 146),
    (4, 1, 556.0, 147),
    (4, 1, 234.0, 148),
    (4, 1, 167.0, 149),
    (4, 1, 248.0, 150),
    (4, 1, 425.0, 151),
    (4, 1, 328.0, 152),
    (4, 1, 334.0, 153),
    (4, 1, 70.0, 154),
    (4, 1, 373.0, 155),
    (4, 1, 142.0, 156),
    (4, 1, 60.0, 157),
    (4, 1, 252.0, 158),
    (5, 1, 5.0, 159),
    (5, 2, 4.0, 159),
    (5, 3, 4.0, 159),
    (5, 4, 4.0, 159),
    (5, 5, 4.0, 159),
    (5, 6, 7.0, 159),
    (5, 1, 2.0, 160),
    (5, 2, 2.0, 160),
    (5, 3, 2.0, 160),
    (5, 4, 1.0, 160),
    (5, 5, 5.0, 160),
    (5, 6, 87.0, 160),
    (5, 1, 1.0, 161),
    (5, 2, 5.0, 161),
    (5, 3, 3.0, 161),
    (5, 4, 4.0, 161),
    (5, 5, 3.0, 161),
    (5, 6, 65.0, 161),
    (5, 1, 5.0, 162),
    (5, 2, 1.0, 162),
    (5, 3, 3.0, 162),
    (5, 4, 2.0, 162),
    (5, 5, 4.0, 162),
    (5, 6, 12.0, 162),
    (5, 1, 3.0, 163),
    (5, 2, 2.0, 163),
    (5, 3, 4.0, 163),
    (5, 4, 2.0, 163),
    (5, 5, 5.0, 163),
    (5, 6, 11.0, 163),
    (5, 1, 4.0, 164),
    (5, 2, 4.0, 164),
    (5, 3, 3.0, 164),
    (5, 4, 4.0, 164),
    (5, 5, 2.0, 164),
    (5, 6, 59.0, 164),
    (5, 1, 3.0, 165),
    (5, 2, 5.0, 165),
    (5, 3, 1.0, 165),
    (5, 4, 5.0, 165),
    (5, 5, 4.0, 165),
    (5, 6, 49.0, 165),
    (5, 1, 1.0, 166),
    (5, 2, 1.0, 166),
    (5, 3, 4.0, 166),
    (5, 4, 3.0, 166),
    (5, 5, 2.0, 166),
    (5, 6, 52.0, 166)
;